{"cameraMode":{"drawMode":0,"name":"Shaded","section":"Shading Mode"},"sceneLighting":true,"audioPlay":false,"sceneViewState":{"m_AlwaysRefresh":false,"showFog":true,"showSkybox":true,"showFlares":true,"showImageEffects":true,"showParticleSystems":true,"showVisualEffectGraphs":true,"m_FxEnabled":true},"in2DMode":false,"pivot":{"x":36.7999267578125,"y":1.6615608930587769,"z":-25.93782615661621},"rotation":{"x":0.2796267867088318,"y":-0.024479473009705545,"z":0.00713203614577651,"w":0.9597705602645874},"size":1.3800619840621949,"orthographic":false}