{"cameraMode":{"drawMode":0,"name":"Shaded","section":"Shading Mode"},"sceneLighting":false,"audioPlay":false,"sceneViewState":{"m_AlwaysRefresh":false,"showFog":true,"showSkybox":false,"showFlares":true,"showImageEffects":true,"showParticleSystems":true,"showVisualEffectGraphs":true,"m_FxEnabled":true},"in2DMode":false,"pivot":{"x":0.16396284103393556,"y":0.32707351446151736,"z":-0.0009170491248369217},"rotation":{"x":-0.24693061411380769,"y":-0.3263469934463501,"z":-0.088740274310112,"w":0.9081019163131714},"size":0.7008152008056641,"orthographic":true}