{"cameraMode":{"drawMode":0,"name":"Shaded","section":"Shading Mode"},"sceneLighting":false,"audioPlay":false,"sceneViewState":{"m_AlwaysRefresh":false,"showFog":true,"showSkybox":false,"showFlares":true,"showImageEffects":true,"showParticleSystems":true,"showVisualEffectGraphs":true,"m_FxEnabled":true},"in2DMode":false,"pivot":{"x":-0.18077662587165833,"y":0.08857506513595581,"z":-0.2987138628959656},"rotation":{"x":-0.14735183119773866,"y":-0.7878091931343079,"z":0.2068852335214615,"w":-0.5611090064048767},"size":0.5250705480575562,"orthographic":false}